{
  "0": { "explored": 1, "speed": "1758.9", "totalTime": 0.000568535 },
  "1": { "explored": 3, "speed": "6084.2", "totalTime": 0.000493077 },
  "2": { "explored": 5, "speed": "11805.0", "totalTime": 0.000423551 },
  "3": { "explored": 4, "speed": "12384.6", "totalTime": 0.000322981 },
  "4": { "explored": 4, "speed": "7429.4", "totalTime": 0.000538399 },
  "5": {
    "explored": 4,
    "speed": "23033.2",
    "totalTime": 0.00017366200000000002
  },
  "6": { "explored": 4, "speed": "23823.4", "totalTime": 0.000167902 },
  "7": { "explored": 4, "speed": "25781.2", "totalTime": 0.000155152 },
  "8": { "explored": 4, "speed": "9505.6", "totalTime": 0.000420804 },
  "9": {
    "explored": 6,
    "speed": "15964.7",
    "totalTime": 0.00037582900000000005
  },
  "10": { "explored": 15, "speed": "45833.2", "totalTime": 0.000327274 },
  "11": { "explored": 16, "speed": "43855.8", "totalTime": 0.000364832 },
  "12": { "explored": 17, "speed": "29252.8", "totalTime": 0.000581141 },
  "13": {
    "explored": 22,
    "speed": "37096.2",
    "totalTime": 0.0005930530000000001
  },
  "14": { "explored": 23, "speed": "12129.3", "totalTime": 0.001896234 },
  "15": { "explored": 34, "speed": "53589.5", "totalTime": 0.000634453 },
  "16": { "explored": 33, "speed": "41228.3", "totalTime": 0.000800421 },
  "17": { "explored": 46, "speed": "43624.1", "totalTime": 0.001054464 },
  "18": {
    "explored": 85,
    "speed": "26017.0",
    "totalTime": 0.0032670940000000003
  },
  "19": { "explored": 89, "speed": "82352.9", "totalTime": 0.001080715 },
  "20": { "explored": 72, "speed": "69219.9", "totalTime": 0.001040164 },
  "21": {
    "explored": 68,
    "speed": "75556.8",
    "totalTime": 0.0008999850000000001
  },
  "22": { "explored": 55, "speed": "30217.6", "totalTime": 0.001820133 },
  "23": { "explored": 57, "speed": "64646.1", "totalTime": 0.000881724 },
  "24": { "explored": 69, "speed": "67124.5", "totalTime": 0.00102794 },
  "25": { "explored": 57, "speed": "67852.9", "totalTime": 0.000840052 },
  "26": { "explored": 43, "speed": "63186.2", "totalTime": 0.000680528 },
  "27": { "explored": 31, "speed": "58596.9", "totalTime": 0.000529038 },
  "28": { "explored": 33, "speed": "55544.8", "totalTime": 0.000594115 },
  "29": { "explored": 40, "speed": "60634.0", "totalTime": 0.000659696 },
  "30": { "explored": 44, "speed": "69747.5", "totalTime": 0.000630847 },
  "31": { "explored": 30, "speed": "50614.7", "totalTime": 0.000592713 },
  "32": {
    "explored": 24,
    "speed": "44065.6",
    "totalTime": 0.0005446419999999999
  },
  "33": { "explored": 22, "speed": "41732.2", "totalTime": 0.000527171 },
  "34": { "explored": 23, "speed": "37888.5", "totalTime": 0.000607044 },
  "35": { "explored": 35, "speed": "51875.4", "totalTime": 0.000674694 },
  "36": { "explored": 38, "speed": "59298.9", "totalTime": 0.000640821 },
  "37": {
    "explored": 30,
    "speed": "47667.4",
    "totalTime": 0.0006293609999999999
  },
  "38": { "explored": 39, "speed": "39757.1", "totalTime": 0.000980956 },
  "39": { "explored": 82, "speed": "41411.7", "totalTime": 0.001980116 },
  "40": {
    "explored": 137,
    "speed": "70577.4",
    "totalTime": 0.0019411320000000001
  },
  "41": { "explored": 185, "speed": "44074.4", "totalTime": 0.004197444 },
  "42": {
    "explored": 216,
    "speed": "46096.8",
    "totalTime": 0.0046857949999999995
  },
  "43": { "explored": 223, "speed": "50148.6", "totalTime": 0.004446786 },
  "44": { "explored": 207, "speed": "44800.7", "totalTime": 0.004620462 },
  "45": { "explored": 240, "speed": "43046.3", "totalTime": 0.005575392 },
  "46": {
    "explored": 290,
    "speed": "81923.5",
    "totalTime": 0.0035398879999999997
  },
  "47": { "explored": 392, "speed": "49221.2", "totalTime": 0.007964051 },
  "48": { "explored": 608, "speed": "42744.7", "totalTime": 0.014223996 },
  "49": { "explored": 846, "speed": "70392.0", "totalTime": 0.012018417 },
  "50": { "explored": 947, "speed": "111560.7", "totalTime": 0.008488654 },
  "51": { "explored": 948, "speed": "151885.3", "totalTime": 0.006241552 },
  "52": {
    "explored": 885,
    "speed": "123615.3",
    "totalTime": 0.0071593080000000005
  },
  "53": { "explored": 908, "speed": "111101.2", "totalTime": 0.008172731 },
  "54": {
    "explored": 1118,
    "speed": "116673.0",
    "totalTime": 0.009582337000000002
  },
  "55": { "explored": 1460, "speed": "98158.5", "totalTime": 0.014873904 },
  "56": { "explored": 1902, "speed": "72245.6", "totalTime": 0.026326874 },
  "57": {
    "explored": 2613,
    "speed": "46753.5",
    "totalTime": 0.055888862000000004
  },
  "58": { "explored": 3497, "speed": "80489.9", "totalTime": 0.043446468 },
  "59": {
    "explored": 4275,
    "speed": "84236.5",
    "totalTime": 0.050749985000000004
  },
  "60": { "explored": 4584, "speed": "76362.9", "totalTime": 0.060029174 },
  "61": { "explored": 4679, "speed": "48558.7", "totalTime": 0.096357656 },
  "62": { "explored": 4794, "speed": "75021.0", "totalTime": 0.063902144 },
  "63": { "explored": 5395, "speed": "105747.5", "totalTime": 0.051017739 },
  "64": { "explored": 6614, "speed": "74027.3", "totalTime": 0.089345454 },
  "65": { "explored": 8578, "speed": "103971.2", "totalTime": 0.082503641 },
  "66": { "explored": 11359, "speed": "109172.8", "totalTime": 0.104046026 },
  "67": {
    "explored": 14737,
    "speed": "110054.0",
    "totalTime": 0.13390704199999998
  },
  "68": { "explored": 17641, "speed": "101135.6", "totalTime": 0.17442923 },
  "69": { "explored": 19650, "speed": "120819.5", "totalTime": 0.162639251 },
  "70": {
    "explored": 21263,
    "speed": "110611.0",
    "totalTime": 0.19223228599999997
  },
  "71": {
    "explored": 23484,
    "speed": "73137.6",
    "totalTime": 0.32109344700000003
  },
  "72": { "explored": 26712, "speed": "137838.5", "totalTime": 0.193792006 },
  "73": { "explored": 30373, "speed": "139037.6", "totalTime": 0.218451698 },
  "74": { "explored": 33327, "speed": "136707.5", "totalTime": 0.243783207 },
  "75": { "explored": 35022, "speed": "108980.6", "totalTime": 0.321360023 },
  "76": { "explored": 35871, "speed": "143780.1", "totalTime": 0.249485221 },
  "77": {
    "explored": 36379,
    "speed": "138447.7",
    "totalTime": 0.26276341000000003
  },
  "78": {
    "explored": 36345,
    "speed": "148415.2",
    "totalTime": 0.24488728699999998
  },
  "79": { "explored": 35644, "speed": "115120.9", "totalTime": 0.309622393 },
  "80": { "explored": 34475, "speed": "147442.5", "totalTime": 0.233819887 },
  "81": { "explored": 32871, "speed": "121945.3", "totalTime": 0.269555354 },
  "82": { "explored": 31244, "speed": "124576.2", "totalTime": 0.250802332 },
  "83": { "explored": 29667, "speed": "80912.5", "totalTime": 0.366655246 },
  "84": { "explored": 28190, "speed": "147033.5", "totalTime": 0.191724999 },
  "85": { "explored": 26724, "speed": "134873.3", "totalTime": 0.198141506 },
  "86": { "explored": 25392, "speed": "130543.6", "totalTime": 0.194509756 },
  "87": {
    "explored": 23896,
    "speed": "109653.3",
    "totalTime": 0.21792319000000002
  },
  "88": { "explored": 22481, "speed": "108354.2", "totalTime": 0.207477049 },
  "89": { "explored": 21074, "speed": "82793.2", "totalTime": 0.254537831 },
  "90": {
    "explored": 20133,
    "speed": "142197.0",
    "totalTime": 0.14158527599999998
  },
  "91": {
    "explored": 19493,
    "speed": "139348.6",
    "totalTime": 0.13988655600000002
  },
  "92": { "explored": 19221, "speed": "121620.3", "totalTime": 0.158041006 },
  "93": { "explored": 18982, "speed": "100655.9", "totalTime": 0.188583167 },
  "94": { "explored": 18715, "speed": "81598.5", "totalTime": 0.229354633 },
  "95": { "explored": 18016, "speed": "120915.3", "totalTime": 0.148996817 },
  "96": { "explored": 17289, "speed": "136551.2", "totalTime": 0.12661188 },
  "97": { "explored": 16732, "speed": "117493.9", "totalTime": 0.142407443 },
  "98": { "explored": 16592, "speed": "107420.8", "totalTime": 0.154457991 },