{"0":{"explored":1,"speed":"1132.8","totalTime":0.000882807},"1":{"explored":3,"speed":"6347.4","totalTime":0.000472635},"2":{"explored":5,"speed":"12903.6","totalTime":0.000387488},"3":{"explored":4,"speed":"11610.2","totalTime":0.000344526},"4":{"explored":4,"speed":"7714.8","totalTime":0.000518481},"5":{"explored":4,"speed":"21550.1","totalTime":0.000185614},"6":{"explored":4,"speed":"21481.2","totalTime":0.000186209},"7":{"explored":4,"speed":"23773.4","totalTime":0.000168255},"8":{"explored":4,"speed":"12602.0","totalTime":0.000317411},"9":{"explored":6,"speed":"14327.1","totalTime":0.000418788},"10":{"explored":15,"speed":"39670.6","totalTime":0.00037811400000000003},"11":{"explored":16,"speed":"42530.8","totalTime":0.00037619799999999995},"12":{"explored":17,"speed":"26380.2","totalTime":0.000644423},"13":{"explored":22,"speed":"32231.0","totalTime":0.000682573},"14":{"explored":23,"speed":"8967.4","totalTime":0.002564841},"15":{"explored":34,"speed":"49808.0","totalTime":0.000682621},"16":{"explored":33,"speed":"35672.9","totalTime":0.000925072},"17":{"explored":46,"speed":"39758.3","totalTime":0.001156992},"18":{"explored":85,"speed":"12373.5","totalTime":0.006869516},"19":{"explored":89,"speed":"61226.7","totalTime":0.001453614},"20":{"explored":72,"speed":"65249.2","totalTime":0.001103461},"21":{"explored":68,"speed":"67927.5","totalTime":0.001001067},"22":{"explored":55,"speed":"26962.9","totalTime":0.002039843},"23":{"explored":57,"speed":"57190.3","totalTime":0.000996672},"24":{"explored":69,"speed":"64222.7","totalTime":0.001074387},"25":{"explored":57,"speed":"67619.2","totalTime":0.0008429560000000001},"26":{"explored":43,"speed":"19042.7","totalTime":0.002258086},"27":{"explored":31,"speed":"59037.2","totalTime":0.000525093},"28":{"explored":33,"speed":"56198.3","totalTime":0.0005872060000000001},"29":{"explored":40,"speed":"60848.5","totalTime":0.00065737},"30":{"explored":44,"speed":"51366.0","totalTime":0.000856598},"31":{"explored":30,"speed":"40760.0","totalTime":0.000736015},"32":{"explored":24,"speed":"34310.4","totalTime":0.000699497},"33":{"explored":22,"speed":"30130.0","totalTime":0.0007301689999999999},"34":{"explored":23,"speed":"29466.6","totalTime":0.000780545},"35":{"explored":35,"speed":"39666.6","totalTime":0.000882355},"36":{"explored":38,"speed":"45981.4","totalTime":0.0008264219999999999},"37":{"explored":30,"speed":"35827.4","totalTime":0.000837349},"38":{"explored":39,"speed":"32866.1","totalTime":0.001186632},"39":{"explored":82,"speed":"15389.6","totalTime":0.0053282749999999995},"40":{"explored":137,"speed":"65293.2","totalTime":0.002098229},"41":{"explored":185,"speed":"39753.2","totalTime":0.004653708},"42":{"explored":216,"speed":"19632.8","totalTime":0.011002022},"43":{"explored":223,"speed":"30696.3","totalTime":0.007264731},"44":{"explored":207,"speed":"36017.6","totalTime":0.005747193},"45":{"explored":240,"speed":"71955.8","totalTime":0.003335382},"46":{"explored":290,"speed":"55749.7","totalTime":0.005201824},"47":{"explored":392,"speed":"57410.6","totalTime":0.006828008},"48":{"explored":608,"speed":"62424.9","totalTime":0.009739699},"49":{"explored":846,"speed":"58546.5","totalTime":0.014450063},"50":{"explored":947,"speed":"110765.8","totalTime":0.008549573999999999},"51":{"explored":948,"speed":"74601.0","totalTime":0.012707598},"52":{"explored":885,"speed":"100660.5","totalTime":0.00879193},"53":{"explored":908,"speed":"44828.1","totalTime":0.020255165000000002},"54":{"explored":1118,"speed":"54679.4","totalTime":0.020446449000000002},"55":{"explored":1460,"speed":"114527.8","totalTime":0.012747998},"56":{"explored":1902,"speed":"76839.6","totalTime":0.024752857},"57":{"explored":2613,"speed":"77548.7","totalTime":0.033694977},"58":{"explored":3497,"speed":"117944.4","totalTime":0.029649569},"59":{"explored":4275,"speed":"167040.7","totalTime":0.025592568},"60":{"explored":4584,"speed":"116308.0","totalTime":0.039412593},"61":{"explored":4679,"speed":"136799.7","totalTime":0.034203298},"62":{"explored":4794,"speed":"69361.6","totalTime":0.069116085},"63":{"explored":5395,"speed":"115177.1","totalTime":0.046840912000000005},"64":{"explored":6614,"speed":"70904.8","totalTime":0.09327998100000001},"65":{"explored":8578,"speed":"135964.3","totalTime":0.063090086},"66":{"explored":11359,"speed":"121295.2","totalTime":0.093647528},"67":{"explored":14737,"speed":"119760.6","totalTime":0.123053862},"68":{"explored":17641,"speed":"117720.4","totalTime":0.149855046},"69":{"explored":19650,"speed":"118121.7","totalTime":0.166353821},"70":{"explored":21263,"speed":"123383.7","totalTime":0.17233231599999999},"71":{"explored":23484,"speed":"129035.2","totalTime":0.181996912},"72":{"explored":26712,"speed":"99758.3","totalTime":0.267767113},"73":{"explored":30373,"speed":"136870.2","totalTime":0.221911037},"74":{"explored":33327,"speed":"139263.1","totalTime":0.239309629},"75":{"explored":35022,"speed":"144827.8","totalTime":0.24181819699999998},"76":{"explored":35871,"speed":"79044.2","totalTime":0.45380927400000004},"77":{"explored":36379,"speed":"132958.9","totalTime":0.27361082},"78":{"explored":36345,"speed":"101104.5","totalTime":0.359479706},"79":{"explored":35644,"speed":"140234.4","totalTime":0.254174462},"80":{"explored":34475,"speed":"100160.5","totalTime":0.344197545},"81":{"explored":32871,"speed":"162404.3","totalTime":0.20240230199999998},"82":{"explored":31244,"speed":"139175.1","totalTime":0.2244941},"83":{"explored":29667,"speed":"124797.3","totalTime":0.237721513},"84":{"explored":28190,"speed":"118800.6","totalTime":0.237288286},"85":{"explored":26724,"speed":"116410.0","totalTime":0.22956800000000002},"86":{"explored":25392,"speed":"101721.9","totalTime":0.249621828},"87":{"explored":23896,"speed":"148392.7","totalTime":0.16103219300000002},"88":{"explored":22481,"speed":"136486.7","totalTime":0.164712042},"89":{"explored":21074,"speed":"120520.1","totalTime":0.17485873000000002},"90":{"explored":20133,"speed":"118710.1","totalTime":0.169598092},"91":{"explored":19493,"speed":"81859.1","totalTime":0.238128794},"92":{"explored":19221,"speed":"142241.8","totalTime":0.135129051},"93":{"explored":18982,"speed":"138162.6","totalTime":0.137388863},"94":{"explored":18715,"speed":"115582.8","totalTime":0.161918583},"95":{"explored":18016,"speed":"129415.1","totalTime":0.139210954},"96":{"explored":17289,"speed":"118381.9","totalTime":0.146044328},"97":{"explored":16732,"speed":"81117.2","totalTime":0.20626956400000002},"98":{"explored":16592,"speed":"141332.3","totalTime":0.117397063},"99":{"explored":16536,"speed":"127359.7","totalTime":0.12983696},"100":{"explored":16323,"speed":"117889.4","totalTime":0.13846034399999999},"101":{"explored":15914,"speed":"116669.1","totalTime":0.13640286100000001},"102":{"explored":15446,"speed":"114742.8","totalTime":0.134614065},"103":{"explored":15035,"speed":"122875.9","totalTime":0.122359236},"104":{"explored":14905,"speed":"79208.6","totalTime":0.188173991},"105":{"explored":14962,"speed":"131460.1","totalTime":0.113814022},"106":{"explored":15021,"speed":"102986.0","totalTime":0.145854747},"107":{"explored":14892,"speed":"99820.7","totalTime":0.149187524},"108":{"explored":14557,"speed":"104981.4","totalTime":0.138662666},"109":{"explored":13968,"speed":"74317.9","totalTime":0.18794930099999999},"110":{"explored":13410,"speed":"136318.6","totalTime":0.0983725},"111":{"explored":13059,"speed":"122955.1","totalTime":0.106209517},"112":{"explored":12931,"speed":"119764.5","totalTime":0.107970266},"113":{"explored":12975,"speed":"112856.2","totalTime":0.114969362},"114":{"explored":13239,"speed":"79059.5","totalTime":0.167456067},"115":{"explored":13463,"speed":"138234.0","totalTime":0.097392795},"116":{"explored":13389,"speed":"148311.1","totalTime":0.090276482},"117":{"explored":13153,"speed":"78700.4","totalTime":0.16712744100000002},"118":{"explored":13001,"speed":"86790.5","totalTime":0.149797548},"119":{"explored":13237,"speed":"69975.2",