{"1":{"explored":1,"speed":"1584.4","totalTime":0.000631145},"2":{"explored":3,"speed":"5413.7","totalTime":0.000554148},"3":{"explored":5,"speed":"11772.9","totalTime":0.000424705},"4":{"explored":4,"speed":"6994.9","totalTime":0.0005718440000000001},"5":{"explored":4,"speed":"8030.5","totalTime":0.0004981},"6":{"explored":4,"speed":"19658.0","totalTime":0.00020347899999999998},"7":{"explored":4,"speed":"19112.6","totalTime":0.000209286},"8":{"explored":4,"speed":"20368.8","totalTime":0.000196379},"9":{"explored":4,"speed":"9529.8","totalTime":0.000419736},"10":{"explored":6,"speed":"8700.6","totalTime":0.000689606},"11":{"explored":15,"speed":"39544.3","totalTime":0.000379321},"12":{"explored":16,"speed":"6936.5","totalTime":0.002306626},"13":{"explored":17,"speed":"38780.1","totalTime":0.00043836900000000003},"14":{"explored":22,"speed":"31525.8","totalTime":0.000697842},"15":{"explored":23,"speed":"44619.2","totalTime":0.0005154729999999999},"16":{"explored":34,"speed":"53002.3","totalTime":0.000641482},"17":{"explored":33,"speed":"44802.8","totalTime":0.000736561},"18":{"explored":46,"speed":"20208.7","totalTime":0.0022762449999999997},"19":{"explored":85,"speed":"75824.8","totalTime":0.001121006},"20":{"explored":89,"speed":"88555.5","totalTime":0.001005019},"21":{"explored":72,"speed":"78317.4","totalTime":0.0009193360000000001},"22":{"explored":68,"speed":"51861.0","totalTime":0.001311196},"23":{"explored":55,"speed":"57497.3","totalTime":0.0009565660000000001},"24":{"explored":57,"speed":"53973.6","totalTime":0.001056072},"25":{"explored":69,"speed":"63172.3","totalTime":0.001092251},"26":{"explored":57,"speed":"66439.1","totalTime":0.000857929},"27":{"explored":43,"speed":"35738.0","totalTime":0.001203202},"28":{"explored":31,"speed":"49696.5","totalTime":0.000623786},"29":{"explored":33,"speed":"49272.0","totalTime":0.000669752},"30":{"explored":40,"speed":"55001.5","totalTime":0.0007272530000000001},"31":{"explored":44,"speed":"61286.1","totalTime":0.000717944},"32":{"explored":30,"speed":"56440.6","totalTime":0.000531532},"33":{"explored":24,"speed":"51470.8","totalTime":0.00046628399999999997},"34":{"explored":22,"speed":"46692.7","totalTime":0.00047116599999999997},"35":{"explored":23,"speed":"49278.7","totalTime":0.000466733},"36":{"explored":35,"speed":"26749.8","totalTime":0.0013084210000000001},"37":{"explored":38,"speed":"75333.3","totalTime":0.000504425},"38":{"explored":30,"speed":"44880.7","totalTime":0.0006684390000000001},"39":{"explored":39,"speed":"50009.2","totalTime":0.000779856},"40":{"explored":82,"speed":"64693.2","totalTime":0.001267522},"41":{"explored":137,"speed":"20819.7","totalTime":0.006580311},"42":{"explored":185,"speed":"30139.5","totalTime":0.006138126},"43":{"explored":216,"speed":"71704.7","totalTime":0.003012356},"44":{"explored":223,"speed":"22877.4","totalTime":0.009747624},"45":{"explored":207,"speed":"23044.9","totalTime":0.008982450999999999},"46":{"explored":240,"speed":"84579.7","totalTime":0.002837561},"47":{"explored":290,"speed":"29106.9","totalTime":0.009963288},"48":{"explored":392,"speed":"44151.8","totalTime":0.008878467000000001},"49":{"explored":608,"speed":"61662.0","totalTime":0.009860213},"50":{"explored":846,"speed":"61449.1","totalTime":0.013767482},"51":{"explored":947,"speed":"89127.1","totalTime":0.010625278},"52":{"explored":948,"speed":"90520.8","totalTime":0.010472730999999999},"53":{"explored":885,"speed":"155125.3","totalTime":0.005705066000000001},"54":{"explored":908,"speed":"84317.4","totalTime":0.010768836},"55":{"explored":1118,"speed":"107549.1","totalTime":0.010395248000000001},"56":{"explored":1460,"speed":"109235.2","totalTime":0.013365651},"57":{"explored":1902,"speed":"109296.1","totalTime":0.017402273},"58":{"explored":2613,"speed":"167330.5","totalTime":0.015615798},"59":{"explored":3497,"speed":"78752.6","totalTime":0.04440486},"60":{"explored":4275,"speed":"96047.6","totalTime":0.044509194},"61":{"explored":4584,"speed":"144134.8","totalTime":0.031803557},"62":{"explored":4679,"speed":"96655.1","totalTime":0.048409222},"63":{"explored":4794,"speed":"55908.8","totalTime":0.085746813},"64":{"explored":5395,"speed":"107670.9","totalTime":0.05010639},"65":{"explored":6614,"speed":"97593.8","totalTime":0.067770681},"66":{"explored":8578,"speed":"80914.5","totalTime":0.10601308},"67":{"explored":11359,"speed":"28545.5","totalTime":0.397926442},"68":{"explored":14737,"speed":"27092.4","totalTime":0.543954213},"69":{"explored":17641,"speed":"21443.6","totalTime":0.822667911},"70":{"explored":19650,"speed":"22554.6","totalTime":0.871220341},"71":{"explored":21263,"speed":"19383.4","totalTime":1.096966964},"72":{"explored":23484,"speed":"19980.3","totalTime":1.175355161},"73":{"explored":26712,"speed":"19000.5","totalTime":1.4058572010000001},"74":{"explored":30373,"speed":"16862.0","totalTime":1.8012681},"75":{"explored":33327,"speed":"14927.5","totalTime":2.232587831},"76":{"explored":35022,"speed":"14423.9","totalTime":2.428061551},"77":{"explored":35871,"speed":"15165.3","totalTime":2.3653273589999997},"78":{"explored":36379,"speed":"15105.1","totalTime":2.40839102},"79":{"explored":36345,"speed":"13491.0","totalTime":2.694022826},"80":{"explored":35644,"speed":"14971.7","totalTime":2.3807634589999997},"81":{"explored":34475,"speed":"16379.2","totalTime":2.104799923},"82":{"explored":32871,"speed":"16002.2","totalTime":2.054158562},"83":{"explored":31244,"speed":"15713.0","totalTime":1.988415567},"84":{"explored":29667,"speed":"15006.5","totalTime":1.9769487589999999},"85":{"explored":28190,"speed":"15450.3","totalTime":1.824565353},"86":{"explored":26724,"speed":"14645.6","totalTime":1.824711673},"87":{"explored":25392,"speed":"16011.9","totalTime":1.5858228239999999},"88":{"explored":23896,"speed":"19370.8","totalTime":1.233606458},"89":{"explored":22481,"speed":"19993.0","totalTime":1.1244420210000001},"90":{"explored":21074,"speed":"21160.2","totalTime":0.995924045},"91":{"explored":20133,"speed":"21026.5","totalTime":0.957507162},"92":{"explored":19493,"speed":"21139.6","totalTime":0.922107225},"93":{"explored":19221,"speed":"18488.8","totalTime":1.039600788},"94":{"explored":18982,"speed":"21908.1","totalTime":0.866436023},"95":{"explored":18715,"speed":"21848.8","totalTime":0.8565690090000001},"96":{"explored":18016,"speed":"17632.7","totalTime":1.021736324},"97":{"explored":17289,"speed":"21723.2","totalTime":0.795876216},"98":{"explored":16732,"speed":"22907.8","totalTime":0.7304076629999999},"99":{"explored":16592,"speed":"21720.5","totalTime":0.763888016},"100":{"explored":16536,"speed":"24495.5","totalTime":0.675062793},"101":{"explored":16323,"speed":"22297.6","totalTime":0.732050981},"102":{"explored":15914,"speed":"24827.5","totalTime":0.640983243},"103":{"explored":15446,"speed":"22878.2","totalTime":0.675140474},"104":{"explored":15035,"speed":"23910.4","totalTime":0.628804729},"105":{"explored":14905,"speed":"24947.9","totalTime":0.59744597},"106":{"explored":14962,"speed":"23719.9","totalTime":0.630778038},"107":{"explored":15021,"speed":"23706.3","totalTime":0.633629338},"108":{"explored":14892,"speed":"22108.7","totalTime":0.67358015},"109":{"explored":14557,"speed":"26146.5","totalTime":0.556748354},"110":{"explored":13968,"speed":"26253.3","totalTime":0.532047854},"111":{"explored":13410,"speed":"28378.6","totalTime":0.47253882199999997},"112":{"explored":13059,"speed":"25286.0","totalTime":0.516451323},"113":{"explored":12931,"speed":"26653.0","totalTime":0.485161764},"114":{"explored":12975,"speed":"26712.6","totalTime":0.485726141},"115":{"explored":13239,"speed":"27746.1","totalTime":0.47714772099999997},"116":{"explored":13463,"speed":"28150.2","totalTime":0.478255183},"117":{"explored":13389,"speed":"15521.9","totalTime":0.862589651},"118":{"explored":13153,"speed":"26871.7","totalTime":0.48947400399999996},"119":{"explored":13001,"speed":"23464.2","totalTime":0.5540777339999999},"120":{"explored":13237,"speed":"26210.0",