{"0":{"explored":1,"speed":"1036.9","totalTime":0.000964425},"1":{"explored":3,"speed":"6143.5","totalTime":0.000488321},"2":{"explored":5,"speed":"11347.9","totalTime":0.00044061},"3":{"explored":4,"speed":"12228.1","totalTime":0.000327116},"4":{"explored":4,"speed":"10097.7","totalTime":0.000396128},"5":{"explored":4,"speed":"15161.3","totalTime":0.00026383},"6":{"explored":4,"speed":"17521.2","totalTime":0.000228295},"7":{"explored":4,"speed":"11786.7","totalTime":0.000339366},"8":{"explored":4,"speed":"9224.1","totalTime":0.00043364799999999997},"9":{"explored":6,"speed":"9765.1","totalTime":0.0006144319999999999},"10":{"explored":15,"speed":"34907.4","totalTime":0.000429708},"11":{"explored":16,"speed":"38691.5","totalTime":0.00041352699999999996},"12":{"explored":17,"speed":"22479.0","totalTime":0.0007562609999999999},"13":{"explored":22,"speed":"28879.5","totalTime":0.000761786},"14":{"explored":23,"speed":"31310.1","totalTime":0.000734588},"15":{"explored":34,"speed":"43470.7","totalTime":0.000782136},"16":{"explored":33,"speed":"12995.6","totalTime":0.002539321},"17":{"explored":46,"speed":"42051.5","totalTime":0.001093898},"18":{"explored":85,"speed":"58879.5","totalTime":0.001443627},"19":{"explored":89,"speed":"66320.3","totalTime":0.0013419719999999999},"20":{"explored":72,"speed":"30115.5","totalTime":0.002390795},"21":{"explored":68,"speed":"63687.5","totalTime":0.0010677129999999999},"22":{"explored":55,"speed":"56781.3","totalTime":0.0009686289999999999},"23":{"explored":57,"speed":"32912.5","totalTime":0.001731864},"24":{"explored":69,"speed":"47408.7","totalTime":0.001455428},"25":{"explored":57,"speed":"55394.2","totalTime":0.001028988},"26":{"explored":43,"speed":"42092.4","totalTime":0.001021563},"27":{"explored":31,"speed":"35385.3","totalTime":0.0008760710000000001},"28":{"explored":33,"speed":"10106.1","totalTime":0.0032653400000000003},"29":{"explored":40,"speed":"62538.0","totalTime":0.000639611},"30":{"explored":44,"speed":"57261.5","totalTime":0.000768404},"31":{"explored":30,"speed":"47535.8","totalTime":0.0006311029999999999},"32":{"explored":24,"speed":"44824.5","totalTime":0.000535421},"33":{"explored":22,"speed":"43378.3","totalTime":0.000507166},"34":{"explored":23,"speed":"40618.5","totalTime":0.0005662439999999999},"35":{"explored":35,"speed":"52330.4","totalTime":0.000668827},"36":{"explored":38,"speed":"53465.6","totalTime":0.0007107369999999999},"37":{"explored":30,"speed":"51665.9","totalTime":0.000580654},"38":{"explored":39,"speed":"47610.6","totalTime":0.000819145},"39":{"explored":82,"speed":"54421.0","totalTime":0.001506771},"40":{"explored":137,"speed":"40913.8","totalTime":0.0033485010000000003},"41":{"explored":185,"speed":"52052.0","totalTime":0.003554139},"42":{"explored":216,"speed":"38134.1","totalTime":0.005664229},"43":{"explored":223,"speed":"122325.0","totalTime":0.0018230120000000002},"44":{"explored":207,"speed":"60522.4","totalTime":0.003420223},"45":{"explored":240,"speed":"75048.8","totalTime":0.003197921},"46":{"explored":290,"speed":"110533.0","totalTime":0.0026236519999999998},"47":{"explored":392,"speed":"74108.0","totalTime":0.005289578},"48":{"explored":608,"speed":"60951.0","totalTime":0.009975234000000001},"49":{"explored":846,"speed":"88816.7","totalTime":0.009525232000000002},"50":{"explored":947,"speed":"87460.3","totalTime":0.010827768000000002},"51":{"explored":948,"speed":"99924.2","totalTime":0.009487196000000002},"52":{"explored":885,"speed":"87835.3","totalTime":0.010075677},"53":{"explored":908,"speed":"97892.2","totalTime":0.009275508},"54":{"explored":1118,"speed":"91329.6","totalTime":0.012241372},"55":{"explored":1460,"speed":"147487.4","totalTime":0.009899148},"56":{"explored":1902,"speed":"37441.4","totalTime":0.050799408},"57":{"explored":2613,"speed":"66991.9","totalTime":0.039004699000000004},"58":{"explored":3497,"speed":"74770.5","totalTime":0.046769813},"59":{"explored":4275,"speed":"86003.1","totalTime":0.049707529},"60":{"explored":4584,"speed":"105242.7","totalTime":0.043556477},"61":{"explored":4679,"speed":"101018.2","totalTime":0.046318392},"62":{"explored":4794,"speed":"98231.0","totalTime":0.048803324},"63":{"explored":5395,"speed":"60311.2","totalTime":0.089452649},"64":{"explored":6614,"speed":"96097.9","totalTime":0.06882566},"65":{"explored":8578,"speed":"73393.0","totalTime":0.116877622},"66":{"explored":11359,"speed":"99588.7","totalTime":0.114059138},"67":{"explored":14737,"speed":"77997.6","totalTime":0.18894159300000002},"68":{"explored":17641,"speed":"98181.0","totalTime":0.179678341},"69":{"explored":19650,"speed":"92086.7","totalTime":0.213385933},"70":{"explored":21263,"speed":"95598.4","totalTime":0.222420124},"71":{"explored":23484,"speed":"72782.6","totalTime":0.32265950400000004},"72":{"explored":26712,"speed":"120602.3","totalTime":0.22148825400000002},"73":{"explored":30373,"speed":"118531.0","totalTime":0.25624511899999997},"74":{"explored":33327,"speed":"76147.0","totalTime":0.437666567},"75":{"explored":35022,"speed":"113052.5","totalTime":0.309785329},"76":{"explored":35871,"speed":"115228.1","totalTime":0.31130426899999997},"77":{"explored":36379,"speed":"96055.1","totalTime":0.378730645}}